편번호,편제목,장번호,장제목,절번호,절제목,항번호,항제목,content
1,개관,1,개인회생제도의개요,1,도입과시행,,,
1,개관,1,개인회생제도의개요,2,개인회생제도의의의,,,
1,개관,1,개인회생제도의개요,3,유사절차와의비교,,,
1,개관,1,개인회생제도의개요,3,유사절차와의비교,1,개인회생절차와회생절차의비교,
1,개관,1,개인회생제도의개요,3,유사절차와의비교,2,개인회생절차와개인파산절차의비교,
1,개관,1,개인회생제도의개요,3,유사절차와의비교,3,개인회생절차와채무조정(개인워크아웃)제도의비교,
1,개관,2,개인회생절차의주요내용,1,개인회생절차개시신청,,,
1,개관,2,개인회생절차의주요내용,2,채무자와의면담,,,
1,개관,2,개인회생절차의주요내용,3,개인회생절차개시결정,,,
1,개관,2,개인회생절차의주요내용,4,개인회생채권의확정,,,
1,개관,2,개인회생절차의주요내용,5,변제계획의인가,,,
1,개관,2,개인회생절차의주요내용,6,개인회생절차의폐지,,,
1,개관,2,개인회생절차의주요내용,7,면책,,,
1,개관,2,개인회생절차의주요내용,8,개인회생절차흐름도,,,
1,개관,3,회생위원,1,의의,,,
1,개관,3,회생위원,2,회생위원의선임,,,
1,개관,3,회생위원,3,회생위원의업무,,,
1,개관,3,회생위원,3,회생위원의업무,1,회생위원의기본업무,
1,개관,3,회생위원,3,회생위원의업무,2,그밖에법령이정하는업무,
1,개관,3,회생위원,3,회생위원의업무,3,법원이정하는업무,
1,개관,3,회생위원,4,회생위원의역할,,,
1,개관,3,회생위원,4,회생위원의역할,1,회생위원업무의특성,
1,개관,3,회생위원,4,회생위원의역할,2,공정한절차진행의필요성,
1,개관,3,회생위원,4,회생위원의역할,3,기록에대한정확한이해,
1,개관,3,회생위원,4,회생위원의역할,4,법원과의의사소통및정보의공유체계확립,
1,개관,3,회생위원,4,회생위원의역할,5,회생위원의역할변화,
1,개관,3,회생위원,5,신건기록검토시유의사항,,,
1,개관,3,회생위원,5,신건기록검토시유의사항,1,개인회생절차개시신청서,
1,개관,3,회생위원,5,신건기록검토시유의사항,2,개인회생채권자목록,
1,개관,3,회생위원,5,신건기록검토시유의사항,3,재산목록,
1,개관,3,회생위원,5,신건기록검토시유의사항,4,채무자의수입및지출에관한목록,
1,개관,3,회생위원,5,신건기록검토시유의사항,5,진술서,
1,개관,3,회생위원,5,신건기록검토시유의사항,6,변제계획안,
2,개인회생절차개시신청부터개시결정까지,1,개인회생절차개시신청서,1,개인회생절차개시신청서의기재사항,,,
2,개인회생절차개시신청부터개시결정까지,1,개인회생절차개시신청서,2,관할,,,
2,개인회생절차개시신청부터개시결정까지,1,개인회생절차개시신청서,2,관할,1,문제점,
2,개인회생절차개시신청부터개시결정까지,1,개인회생절차개시신청서,2,관할,2,관할법원및문제되는사례,
2,개인회생절차개시신청부터개시결정까지,1,개인회생절차개시신청서,2,관할,3,관할위반의경우처리방법,
2,개인회생절차개시신청부터개시결정까지,1,개인회생절차개시신청서,3,환급계좌의기재,,,
2,개인회생절차개시신청부터개시결정까지,1,개인회생절차개시신청서,4,휴대전화를통한정보수신신청,,,
2,개인회생절차개시신청부터개시결정까지,1,개인회생절차개시신청서,5,첨부서류,,,
2,개인회생절차개시신청부터개시결정까지,1,개인회생절차개시신청서,6,소송구조,,,
2,개인회생절차개시신청부터개시결정까지,2,"보전처분과중지ㆍ금지명령,포괄적금지명령",1,보전처분,,,
2,개인회생절차개시신청부터개시결정까지,2,"보전처분과중지ㆍ금지명령,포괄적금지명령",1,보전처분,1,의의,
2,개인회생절차개시신청부터개시결정까지,2,"보전처분과중지ㆍ금지명령,포괄적금지명령",1,보전처분,2,신청권자,
2,개인회생절차개시신청부터개시결정까지,2,"보전처분과중지ㆍ금지명령,포괄적금지명령",1,보전처분,3,보전처분의시기,
2,개인회생절차개시신청부터개시결정까지,2,"보전처분과중지ㆍ금지명령,포괄적금지명령",1,보전처분,4,보전처분의효력,
2,개인회생절차개시신청부터개시결정까지,2,"보전처분과중지ㆍ금지명령,포괄적금지명령",1,보전처분,5,즉시항고,
2,개인회생절차개시신청부터개시결정까지,2,"보전처분과중지ㆍ금지명령,포괄적금지명령",2,중지ㆍ금지명령,,,
2,개인회생절차개시신청부터개시결정까지,2,"보전처분과중지ㆍ금지명령,포괄적금지명령",2,중지ㆍ금지명령,1,의의,
2,개인회생절차개시신청부터개시결정까지,2,"보전처분과중지ㆍ금지명령,포괄적금지명령",2,중지ㆍ금지명령,2,신청권자,
2,개인회생절차개시신청부터개시결정까지,2,"보전처분과중지ㆍ금지명령,포괄적금지명령",2,중지ㆍ금지명령,3,요건,
2,개인회생절차개시신청부터개시결정까지,2,"보전처분과중지ㆍ금지명령,포괄적금지명령",2,중지ㆍ금지명령,4,중지또는금지할수있는절차또는행위(채무자회생법제593조제1항),
2,개인회생절차개시신청부터개시결정까지,2,"보전처분과중지ㆍ금지명령,포괄적금지명령",2,중지ㆍ금지명령,5,중지ㆍ금지명령의효력,
2,개인회생절차개시신청부터개시결정까지,2,"보전처분과중지ㆍ금지명령,포괄적금지명령",2,중지ㆍ금지명령,6,"중지ㆍ금지명령의취소,변경",
2,개인회생절차개시신청부터개시결정까지,2,"보전처분과중지ㆍ금지명령,포괄적금지명령",2,중지ㆍ금지명령,7,중지ㆍ금지명령의송달,
2,개인회생절차개시신청부터개시결정까지,2,"보전처분과중지ㆍ금지명령,포괄적금지명령",3,포괄적금지명령,,,
2,개인회생절차개시신청부터개시결정까지,2,"보전처분과중지ㆍ금지명령,포괄적금지명령",3,포괄적금지명령,1,의의,
2,개인회생절차개시신청부터개시결정까지,2,"보전처분과중지ㆍ금지명령,포괄적금지명령",3,포괄적금지명령,2,신청권자,
2,개인회생절차개시신청부터개시결정까지,2,"보전처분과중지ㆍ금지명령,포괄적금지명령",3,포괄적금지명령,3,요건,
2,개인회생절차개시신청부터개시결정까지,2,"보전처분과중지ㆍ금지명령,포괄적금지명령",3,포괄적금지명령,4,대상,
2,개인회생절차개시신청부터개시결정까지,2,"보전처분과중지ㆍ금지명령,포괄적금지명령",3,포괄적금지명령,5,포괄적금지명령의효력,
2,개인회생절차개시신청부터개시결정까지,2,"보전처분과중지ㆍ금지명령,포괄적금지명령",3,포괄적금지명령,6,포괄적금지명령등에대한불복,
2,개인회생절차개시신청부터개시결정까지,2,"보전처분과중지ㆍ금지명령,포괄적금지명령",3,포괄적금지명령,7,공고및송달,
2,개인회생절차개시신청부터개시결정까지,2,"보전처분과중지ㆍ금지명령,포괄적금지명령",4,보전처분등과관련한업무,,,
2,개인회생절차개시신청부터개시결정까지,3,개인회생채권자목록,1,개인회생채권,,,
2,개인회생절차개시신청부터개시결정까지,3,개인회생채권자목록,1,개인회생채권,1,개인회생채권의의의,
2,개인회생절차개시신청부터개시결정까지,3,개인회생채권자목록,1,개인회생채권,2,개인회생재단채권과의관계,
2,개인회생절차개시신청부터개시결정까지,3,개인회생채권자목록,1,개인회생채권,3,개인회생채권의종류,
2,개인회생절차개시신청부터개시결정까지,3,개인회생채권자목록,1,개인회생채권,4,문제되는경우,
2,개인회생절차개시신청부터개시결정까지,3,개인회생채권자목록,2,개인회생채권자목록의검토,,,
2,개인회생절차개시신청부터개시결정까지,3,개인회생채권자목록,2,개인회생채권자목록의검토,1,채권현재액의총합계,
2,개인회생절차개시신청부터개시결정까지,3,개인회생채권자목록,2,개인회생채권자목록의검토,2,채권의기재순서및채권번호의부여,
2,개인회생절차개시신청부터개시결정까지,3,개인회생채권자목록,2,개인회생채권자목록의검토,3,채권자명,
2,개인회생절차개시신청부터개시결정까지,3,개인회생채권자목록,2,개인회생채권자목록의검토,4,채권의원인,
2,개인회생절차개시신청부터개시결정까지,3,개인회생채권자목록,2,개인회생채권자목록의검토,5,채권자의주소및연락처,
2,개인회생절차개시신청부터개시결정까지,3,개인회생채권자목록,2,개인회생채권자목록의검토,6,채권의내용,
2,개인회생절차개시신청부터개시결정까지,3,개인회생채권자목록,2,개인회생채권자목록의검토,7,채권현재액,
2,개인회생절차개시신청부터개시결정까지,3,개인회생채권자목록,3,특별한취급이필요한경우,,,
2,개인회생절차개시신청부터개시결정까지,3,개인회생채권자목록,3,특별한취급이필요한경우,1,별제권부채권및이에준하는채권의내역(부속서류1),
2,개인회생절차개시신청부터개시결정까지,3,개인회생채권자목록,3,특별한취급이필요한경우,2,다툼이있거나예상되는채권(부속서류2),
2,개인회생절차개시신청부터개시결정까지,3,개인회생채권자목록,3,특별한취급이필요한경우,3,전부명령권자가있는경우(부속서류3),
2,개인회생절차개시신청부터개시결정까지,3,개인회생채권자목록,3,특별한취급이필요한경우,4,다른채무자와관련된채권(부속서류4),
2,개인회생절차개시신청부터개시결정까지,3,개인회생채권자목록,3,특별한취급이필요한경우,5,상계권,
2,개인회생절차개시신청부터개시결정까지,4,재산목록,1,개인회생재단,,,
2,개인회생절차개시신청부터개시결정까지,4,재산목록,1,개인회생재단,1,개인회생재단의의의및구성,
2,개인회생절차개시신청부터개시결정까지,4,재산목록,1,개인회생재단,2,채무자회생법제383조제1항의재단제외재산,
2,개인회생절차개시신청부터개시결정까지,4,재산목록,2,채무자회생법제383조제2항의면제재산,,,
2,개인회생절차개시신청부터개시결정까지,4,재산목록,2,채무자회생법제383조제2항의면제재산,1,개관,
2,개인회생절차개시신청부터개시결정까지,4,재산목록,2,채무자회생법제383조제2항의면제재산,2,면제재산결정,
2,개인회생절차개시신청부터개시결정까지,4,재산목록,2,채무자회생법제383조제2항의면제재산,3,주택임대차보증금에관한면제재산,
2,개인회생절차개시신청부터개시결정까지,4,재산목록,2,채무자회생법제383조제2항의면제재산,4,6개월간의생계비에사용할재산에관한면제재산,
2,개인회생절차개시신청부터개시결정까지,4,재산목록,3,부인권,,,
2,개인회생절차개시신청부터개시결정까지,4,재산목록,3,부인권,1,의의,
2,개인회생절차개시신청부터개시결정까지,4,재산목록,3,부인권,2,실무상부인권의대상이되는유형,
2,개인회생절차개시신청부터개시결정까지,4,재산목록,3,부인권,3,부인권의일반적성립요건,
2,개인회생절차개시신청부터개시결정까지,4,재산목록,3,부인권,4,부인의행태및개별적성립요건,
2,개인회생절차개시신청부터개시결정까지,4,재산목록,3,부인권,5,부인권의행사,
2,개인회생절차개시신청부터개시결정까지,4,재산목록,3,부인권,6,부인권행사의효과,
2,개인회생절차개시신청부터개시결정까지,4,재산목록,3,부인권,7,실무상부인권행사와관련된문제,
2,개인회생절차개시신청부터개시결정까지,4,재산목록,3,부인권,8,부인권의소멸,
2,개인회생절차개시신청부터개시결정까지,4,재산목록,4,환취권,,,
2,개인회생절차개시신청부터개시결정까지,4,재산목록,4,환취권,1,의의,
2,개인회생절차개시신청부터개시결정까지,4,재산목록,4,환취권,2,환취권의대상,
2,개인회생절차개시신청부터개시결정까지,4,재산목록,4,환취권,3,환취권의내용,
2,개인회생절차개시신청부터개시결정까지,4,재산목록,4,환취권,4,환취권의행사,
2,개인회생절차개시신청부터개시결정까지,4,재산목록,5,채무자의재산에관한조사,,,
2,개인회생절차개시신청부터개시결정까지,4,재산목록,5,채무자의재산에관한조사,1,재산유무를확인할수있는자료,
2,개인회생절차개시신청부터개시결정까지,4,재산목록,5,채무자의재산에관한조사,2,현금,
2,개인회생절차개시신청부터개시결정까지,4,재산목록,5,채무자의재산에관한조사,3,예금ㆍ적금,
2,개인회생절차개시신청부터개시결정까지,4,재산목록,5,채무자의재산에관한조사,4,주식ㆍ가상화폐ㆍ선물투자,
2,개인회생절차개시신청부터개시결정까지,4,재산목록,5,채무자의재산에관한조사,5,보험,
2,개인회생절차개시신청부터개시결정까지,4,재산목록,5,채무자의재산에관한조사,6,자동차(이륜차포함),
2,개인회생절차개시신청부터개시결정까지,4,재산목록,5,채무자의재산에관한조사,7,임차보증금,
2,개인회생절차개시신청부터개시결정까지,4,재산목록,5,채무자의재산에관한조사,8,부동산,
2,개인회생절차개시신청부터개시결정까지,4,재산목록,5,채무자의재산에관한조사,9,신청인이영업소득자인경우,
2,개인회생절차개시신청부터개시결정까지,4,재산목록,5,채무자의재산에관한조사,0,예상퇴직금,
2,개인회생절차개시신청부터개시결정까지,4,재산목록,5,채무자의재산에관한조사,1,대여금채권,
2,개인회생절차개시신청부터개시결정까지,4,재산목록,5,채무자의재산에관한조사,2,기타,
2,개인회생절차개시신청부터개시결정까지,4,재산목록,6,배우자명의의재산,,,
2,개인회생절차개시신청부터개시결정까지,4,재산목록,6,배우자명의의재산,1,원칙,
2,개인회생절차개시신청부터개시결정까지,4,재산목록,6,배우자명의의재산,2,서울회생법원실무,
2,개인회생절차개시신청부터개시결정까지,5,수입및지출에관한목록,1,개요,,,
2,개인회생절차개시신청부터개시결정까지,5,수입및지출에관한목록,1,개요,1,신청자격으로서‘개인채무자’,
2,개인회생절차개시신청부터개시결정까지,5,수입및지출에관한목록,1,개요,2,‘정기적이고확실한’(급여소득자의경우)및‘계속적으로또는반복하여(영업소득자의경우)수입을얻을가능성의의미,
2,개인회생절차개시신청부터개시결정까지,5,수입및지출에관한목록,1,개요,3,‘수입’의의미,
2,개인회생절차개시신청부터개시결정까지,5,수입및지출에관한목록,2,급여소득자,,,
2,개인회생절차개시신청부터개시결정까지,5,수입및지출에관한목록,2,급여소득자,1,급여소득자의의미,
2,개인회생절차개시신청부터개시결정까지,5,수입및지출에관한목록,2,급여소득자,2,급여소득자의예,
2,개인회생절차개시신청부터개시결정까지,5,수입및지출에관한목록,2,급여소득자,3,급여소득자임을증명하는자료,
2,개인회생절차개시신청부터개시결정까지,5,수입및지출에관한목록,2,급여소득자,4,급여의산정,
2,개인회생절차개시신청부터개시결정까지,5,수입및지출에관한목록,3,영업소득자,,,
2,개인회생절차개시신청부터개시결정까지,5,수입및지출에관한목록,3,영업소득자,1,영업소득자의의미,
2,개인회생절차개시신청부터개시결정까지,5,수입및지출에관한목록,3,영업소득자,2,영업소득자의분류,
2,개인회생절차개시신청부터개시결정까지,5,수입및지출에관한목록,3,영업소득자,3,영업소득자인경우구비서류,
2,개인회생절차개시신청부터개시결정까지,5,수입및지출에관한목록,3,영업소득자,4,영업소득의산정,
2,개인회생절차개시신청부터개시결정까지,5,수입및지출에관한목록,3,영업소득자,5,영업자유형별검토,
2,개인회생절차개시신청부터개시결정까지,5,수입및지출에관한목록,3,영업소득자,6,과세유형별검토,
2,개인회생절차개시신청부터개시결정까지,5,수입및지출에관한목록,4,생계비의산정,,,
2,개인회생절차개시신청부터개시결정까지,5,수입및지출에관한목록,4,생계비의산정,1,생계비산정시고려원칙,
2,개인회생절차개시신청부터개시결정까지,5,수입및지출에관한목록,4,생계비의산정,2,기준중위소득과생계비,
2,개인회생절차개시신청부터개시결정까지,5,수입및지출에관한목록,4,생계비의산정,3,부양가족,
2,개인회생절차개시신청부터개시결정까지,5,수입및지출에관한목록,4,생계비의산정,4,배우자의소득에관한검토,
2,개인회생절차개시신청부터개시결정까지,6,진술서,1,경력,,,
2,개인회생절차개시신청부터개시결정까지,6,진술서,1,경력,1,최종학력및과거경력,
2,개인회생절차개시신청부터개시결정까지,6,진술서,1,경력,2,과거이혼경력,
2,개인회생절차개시신청부터개시결정까지,6,진술서,2,현재주거상황,,,
2,개인회생절차개시신청부터개시결정까지,6,진술서,3,부채상황,,,
2,개인회생절차개시신청부터개시결정까지,6,진술서,3,부채상황,1,소송ㆍ지급명령ㆍ전부명령ㆍ압류ㆍ가압류등을받은경험유무,
2,개인회생절차개시신청부터개시결정까지,6,진술서,3,부채상황,3,채무부담경위및개인회생절차개시신청에이르게된사정,
2,개인회생절차개시신청부터개시결정까지,6,진술서,4,과거면책절차등의이용상황,,,
2,개인회생절차개시신청부터개시결정까지,7,변제계획안,1,개요,,,
2,개인회생절차개시신청부터개시결정까지,7,변제계획안,2,변제계획안에기재할사항,,,
2,개인회생절차개시신청부터개시결정까지,7,변제계획안,2,변제계획안에기재할사항,1,필요적기재사항,
2,개인회생절차개시신청부터개시결정까지,7,변제계획안,2,변제계획안에기재할사항,2,임의적기재사항,
2,개인회생절차개시신청부터개시결정까지,7,변제계획안,3,변제개시일및변제기간,,,
2,개인회생절차개시신청부터개시결정까지,7,변제계획안,3,변제개시일및변제기간,1,변제개시일,
2,개인회생절차개시신청부터개시결정까지,7,변제계획안,3,변제개시일및변제기간,2,변제기간,
2,개인회생절차개시신청부터개시결정까지,7,변제계획안,4,변제계획인가의요건에따른작성방법,,,
2,개인회생절차개시신청부터개시결정까지,7,변제계획안,4,변제계획인가의요건에따른작성방법,1,변제계획인가의요건,
2,개인회생절차개시신청부터개시결정까지,7,변제계획안,4,변제계획인가의요건에따른작성방법,2,인가요건과관련된변제계획작성의원칙,
2,개인회생절차개시신청부터개시결정까지,7,변제계획안,4,변제계획인가의요건에따른작성방법,3,변제계획안수정명령,
2,개인회생절차개시신청부터개시결정까지,7,변제계획안,5,변제계획안작성시문제되는경우,,,
2,개인회생절차개시신청부터개시결정까지,7,변제계획안,5,변제계획안작성시문제되는경우,1,변제계획상미확정개인회생채권의처리,
2,개인회생절차개시신청부터개시결정까지,7,변제계획안,5,변제계획안작성시문제되는경우,2,임대차보증금반환채권의처리,
2,개인회생절차개시신청부터개시결정까지,7,변제계획안,5,변제계획안작성시문제되는경우,3,다툼이있거나예상되는채권이있는경우처리,
2,개인회생절차개시신청부터개시결정까지,7,변제계획안,5,변제계획안작성시문제되는경우,4,개인회생재단채권의처리,
2,개인회생절차개시신청부터개시결정까지,7,변제계획안,5,변제계획안작성시문제되는경우,5,(가)압류적립금의처리,
2,개인회생절차개시신청부터개시결정까지,7,변제계획안,5,변제계획안작성시문제되는경우,6,확정된전부명령이있는경우의처리,
2,개인회생절차개시신청부터개시결정까지,7,변제계획안,5,변제계획안작성시문제되는경우,7,재산처분이있는경우의처리,
2,개인회생절차개시신청부터개시결정까지,7,변제계획안,5,변제계획안작성시문제되는경우,8,공무원연금대부금등의처리,
2,개인회생절차개시신청부터개시결정까지,7,변제계획안,5,변제계획안작성시문제되는경우,9,채무자가보증채무를부담하는경우,
2,개인회생절차개시신청부터개시결정까지,7,변제계획안,5,변제계획안작성시문제되는경우,0,채무자의임대차보증금반환채권에담보권이설정된경우,
2,개인회생절차개시신청부터개시결정까지,7,변제계획안,5,변제계획안작성시문제되는경우,1,채무자가구상보증(소위부보증인)관계에있는경우,
2,개인회생절차개시신청부터개시결정까지,7,변제계획안,5,변제계획안작성시문제되는경우,2,별제권보다먼저이루어진선행가압류등이있는경우,
2,개인회생절차개시신청부터개시결정까지,7,변제계획안,5,변제계획안작성시문제되는경우,3,장래의구상권이있는경우,
2,개인회생절차개시신청부터개시결정까지,7,변제계획안,5,변제계획안작성시문제되는경우,4,장래의구상권자인보증인에게채무자가물적담보를제공한경우,
2,개인회생절차개시신청부터개시결정까지,7,변제계획안,5,변제계획안작성시문제되는경우,5,주택담보대출채권채무재조정프로그램을신청한경우,
2,개인회생절차개시신청부터개시결정까지,7,변제계획안,5,변제계획안작성시문제되는경우,6,양육비채권이있는경우,
2,개인회생절차개시신청부터개시결정까지,8,면담,1,개요,,,
2,개인회생절차개시신청부터개시결정까지,8,면담,2,면담기일의지정,,,
2,개인회생절차개시신청부터개시결정까지,8,면담,3,면담기일을위한준비,,,
2,개인회생절차개시신청부터개시결정까지,8,면담,3,면담기일을위한준비,1,보정권고,
2,개인회생절차개시신청부터개시결정까지,8,면담,3,면담기일을위한준비,2,면담장소,
2,개인회생절차개시신청부터개시결정까지,8,면담,3,면담기일을위한준비,3,회생위원의자세,
2,개인회생절차개시신청부터개시결정까지,8,면담,4,면담기일의진행,,,
2,개인회생절차개시신청부터개시결정까지,8,면담,4,면담기일의진행,1,채무자의출석확인,
2,개인회생절차개시신청부터개시결정까지,8,면담,4,면담기일의진행,2,면담실시,
2,개인회생절차개시신청부터개시결정까지,8,면담,4,면담기일의진행,3,사실확인서등의작성,
2,개인회생절차개시신청부터개시결정까지,8,면담,4,면담기일의진행,4,사실관계확인및변제계획수행가능성ㆍ수행의지확인,
2,개인회생절차개시신청부터개시결정까지,8,면담,4,면담기일의진행,5,개인회생절차의진행및법적효과에대한안내,
2,개인회생절차개시신청부터개시결정까지,8,면담,4,면담기일의진행,6,변제수행의엄중성에대한교육,
2,개인회생절차개시신청부터개시결정까지,8,면담,5,면담기일에불출석한경우,,,
2,개인회생절차개시신청부터개시결정까지,8,면담,6,면담기일의변경ㆍ추정,,,
2,개인회생절차개시신청부터개시결정까지,9,면담후사건관리및업무수행결과보고,1,바로개시여부를결정할사건의경우,,,
2,개인회생절차개시신청부터개시결정까지,9,면담후사건관리및업무수행결과보고,2,보정서의검토,,,
2,개인회생절차개시신청부터개시결정까지,9,면담후사건관리및업무수행결과보고,2,보정서의검토,1,재보정권고가필요한경우,
2,개인회생절차개시신청부터개시결정까지,9,면담후사건관리및업무수행결과보고,2,보정서의검토,2,보정이완료된경우,
2,개인회생절차개시신청부터개시결정까지,9,면담후사건관리및업무수행결과보고,2,보정서의검토,3,보정이완료되지않는경우,
2,개인회생절차개시신청부터개시결정까지,9,면담후사건관리및업무수행결과보고,3,개인회생절차사건의개인파산절차로의실무운용상전환,,,
2,개인회생절차개시신청부터개시결정까지,9,면담후사건관리및업무수행결과보고,3,개인회생절차사건의개인파산절차로의실무운용상전환,1,개요,
2,개인회생절차개시신청부터개시결정까지,9,면담후사건관리및업무수행결과보고,3,개인회생절차사건의개인파산절차로의실무운용상전환,2,가능시기,
2,개인회생절차개시신청부터개시결정까지,9,면담후사건관리및업무수행결과보고,3,개인회생절차사건의개인파산절차로의실무운용상전환,3,대상사건,
2,개인회생절차개시신청부터개시결정까지,9,면담후사건관리및업무수행결과보고,3,개인회생절차사건의개인파산절차로의실무운용상전환,4,실무상처리절차,
2,개인회생절차개시신청부터개시결정까지,9,면담후사건관리및업무수행결과보고,4,개인회생절차의개시결정,,,
2,개인회생절차개시신청부터개시결정까지,9,면담후사건관리및업무수행결과보고,4,개인회생절차의개시결정,1,개시여부의심리,
2,개인회생절차개시신청부터개시결정까지,9,면담후사건관리및업무수행결과보고,4,개인회생절차의개시결정,2,개시여부의결정,
2,개인회생절차개시신청부터개시결정까지,9,면담후사건관리및업무수행결과보고,4,개인회생절차의개시결정,3,신속한개시결정의필요성,
2,개인회생절차개시신청부터개시결정까지,9,면담후사건관리및업무수행결과보고,4,개인회생절차의개시결정,4,개시결정의효과,
2,개인회생절차개시신청부터개시결정까지,9,면담후사건관리및업무수행결과보고,5,개인회생절차개시신청기각결정,,,
2,개인회생절차개시신청부터개시결정까지,9,면담후사건관리및업무수행결과보고,5,개인회생절차개시신청기각결정,1,개시기각사유,
2,개인회생절차개시신청부터개시결정까지,9,면담후사건관리및업무수행결과보고,5,개인회생절차개시신청기각결정,2,기각의견의제시,
2,개인회생절차개시신청부터개시결정까지,9,면담후사건관리및업무수행결과보고,5,개인회생절차개시신청기각결정,3,기각결정의효과,
2,개인회생절차개시신청부터개시결정까지,9,면담후사건관리및업무수행결과보고,6,개인회생절차개시신청에관한재판에대한불복방법,,,
2,개인회생절차개시신청부터개시결정까지,9,면담후사건관리및업무수행결과보고,6,개인회생절차개시신청에관한재판에대한불복방법,1,불복의형식과불복할수있는사람의범위,
2,개인회생절차개시신청부터개시결정까지,9,면담후사건관리및업무수행결과보고,6,개인회생절차개시신청에관한재판에대한불복방법,2,즉시항고의기간,
2,개인회생절차개시신청부터개시결정까지,9,면담후사건관리및업무수행결과보고,6,개인회생절차개시신청에관한재판에대한불복방법,3,즉시항고의효력등,
2,개인회생절차개시신청부터개시결정까지,9,면담후사건관리및업무수행결과보고,6,개인회생절차개시신청에관한재판에대한불복방법,4,원재판의경정,
2,개인회생절차개시신청부터개시결정까지,9,면담후사건관리및업무수행결과보고,7,개인회생절차개시신청취하서가제출된경우,,,
2,개인회생절차개시신청부터개시결정까지,9,면담후사건관리및업무수행결과보고,7,개인회생절차개시신청취하서가제출된경우,1,취하서의제출,
2,개인회생절차개시신청부터개시결정까지,9,면담후사건관리및업무수행결과보고,7,개인회생절차개시신청취하서가제출된경우,2,개시신청취하의경우보전처분등의효력등,
3,개인회생절차개시결정후변제계획인가결정까지,1,개인회생채권의확정및채권자이의,1,개인회생채권의확정,,,
3,개인회생절차개시결정후변제계획인가결정까지,1,개인회생채권의확정및채권자이의,1,개인회생채권의확정,1,개인회생채권의확정방법,
3,개인회생절차개시결정후변제계획인가결정까지,1,개인회생채권의확정및채권자이의,1,개인회생채권의확정,2,이의기간도과등에따른확정,
3,개인회생절차개시결정후변제계획인가결정까지,1,개인회생채권의확정및채권자이의,1,개인회생채권의확정,3,개인회생채권조사확정재판,
3,개인회생절차개시결정후변제계획인가결정까지,1,개인회생채권의확정및채권자이의,2,변제계획안수정명령,,,
3,개인회생절차개시결정후변제계획인가결정까지,1,개인회생채권의확정및채권자이의,2,변제계획안수정명령,1,수정명령의의의,
3,개인회생절차개시결정후변제계획인가결정까지,1,개인회생채권의확정및채권자이의,2,변제계획안수정명령,2,수정명령을신청할수있는이해관계인및시기의제한,
3,개인회생절차개시결정후변제계획인가결정까지,1,개인회생채권의확정및채권자이의,2,변제계획안수정명령,3,수정명령의절차,
3,개인회생절차개시결정후변제계획인가결정까지,1,개인회생채권의확정및채권자이의,2,변제계획안수정명령,4,수정명령신청에대한재판,
3,개인회생절차개시결정후변제계획인가결정까지,1,개인회생채권의확정및채권자이의,2,변제계획안수정명령,5,수정명령의내용,
3,개인회생절차개시결정후변제계획인가결정까지,1,개인회생채권의확정및채권자이의,2,변제계획안수정명령,7,수정명령후의절차,
3,개인회생절차개시결정후변제계획인가결정까지,1,개인회생채권의확정및채권자이의,3,변제계획안에대한이의,,,
3,개인회생절차개시결정후변제계획인가결정까지,1,개인회생채권의확정및채권자이의,3,변제계획안에대한이의,1,의의,
3,개인회생절차개시결정후변제계획인가결정까지,1,개인회생채권의확정및채권자이의,3,변제계획안에대한이의,2,이의를할수있는자,
3,개인회생절차개시결정후변제계획인가결정까지,1,개인회생채권의확정및채권자이의,3,변제계획안에대한이의,3,이의를제기하는방식,
3,개인회생절차개시결정후변제계획인가결정까지,1,개인회생채권의확정및채권자이의,3,변제계획안에대한이의,4,이의제기의효과,
3,개인회생절차개시결정후변제계획인가결정까지,2,개인회생채권자목록의수정,1,일반적수정가능성,,,
3,개인회생절차개시결정후변제계획인가결정까지,2,개인회생채권자목록의수정,2,수정에관한구체적실무처리,,,
3,개인회생절차개시결정후변제계획인가결정까지,2,개인회생채권자목록의수정,2,수정에관한구체적실무처리,1,‘이의기간의부여’(실무준칙제421호),
3,개인회생절차개시결정후변제계획인가결정까지,2,개인회생채권자목록의수정,2,수정에관한구체적실무처리,2,‘채권자집회기일의진행’(실무준칙제423호),
3,개인회생절차개시결정후변제계획인가결정까지,3,개인회생채권자집회,1,개요,,,
3,개인회생절차개시결정후변제계획인가결정까지,3,개인회생채권자집회,2,"개인회생채권자집회기일의지정,송달",,,
3,개인회생절차개시결정후변제계획인가결정까지,3,개인회생채권자집회,3,개인회생채권자집회의준비,,,
3,개인회생절차개시결정후변제계획인가결정까지,3,개인회생채권자집회,3,개인회생채권자집회의준비,1,개시결정후의변동사항및채권자의이의내용이정리되었는지여부,
3,개인회생절차개시결정후변제계획인가결정까지,3,개인회생채권자집회,3,개인회생채권자집회의준비,2,송달이적법하게되었는지여부,
3,개인회생절차개시결정후변제계획인가결정까지,3,개인회생채권자집회,3,개인회생채권자집회의준비,3,채권자집회기일의변경ㆍ연기ㆍ속행,
3,개인회생절차개시결정후변제계획인가결정까지,3,개인회생채권자집회,3,개인회생채권자집회의준비,4,적립금입금여부확인,
3,개인회생절차개시결정후변제계획인가결정까지,3,개인회생채권자집회,4,채권자집회전(후)보고서의작성,,,
3,개인회생절차개시결정후변제계획인가결정까지,3,개인회생채권자집회,5,개인회생채권자집회의진행,,,
3,개인회생절차개시결정후변제계획인가결정까지,3,개인회생채권자집회,5,개인회생채권자집회의진행,1,진행의주체,
3,개인회생절차개시결정후변제계획인가결정까지,3,개인회생채권자집회,5,개인회생채권자집회의진행,2,유의사항의고지,
3,개인회생절차개시결정후변제계획인가결정까지,3,개인회생채권자집회,5,개인회생채권자집회의진행,3,사건의진행,
3,개인회생절차개시결정후변제계획인가결정까지,3,개인회생채권자집회,5,개인회생채권자집회의진행,4,채무자가불출석한사건,
3,개인회생절차개시결정후변제계획인가결정까지,3,개인회생채권자집회,5,개인회생채권자집회의진행,5,개인회생채권자집회후보정,
3,개인회생절차개시결정후변제계획인가결정까지,3,개인회생채권자집회,6,개시결정후송달이불능된경우및송달료가부족한경우,,,
3,개인회생절차개시결정후변제계획인가결정까지,4,변제계획인부결정및그효력,1,변제계획인가의요건,,,
3,개인회생절차개시결정후변제계획인가결정까지,4,변제계획인부결정및그효력,1,변제계획인가의요건,1,이의가없는경우,
3,개인회생절차개시결정후변제계획인가결정까지,4,변제계획인부결정및그효력,1,변제계획인가의요건,2,이의가있는경우,
3,개인회생절차개시결정후변제계획인가결정까지,4,변제계획인부결정및그효력,2,변제계획인가의효력,,,
3,개인회생절차개시결정후변제계획인가결정까지,4,변제계획인부결정및그효력,2,변제계획인가의효력,1,인부결정의시기,
3,개인회생절차개시결정후변제계획인가결정까지,4,변제계획인부결정및그효력,2,변제계획인가의효력,2,인가결정의확정,
3,개인회생절차개시결정후변제계획인가결정까지,4,변제계획인부결정및그효력,2,변제계획인가의효력,3,변제계획의효력발생시기,
3,개인회생절차개시결정후변제계획인가결정까지,4,변제계획인부결정및그효력,2,변제계획인가의효력,4,권리변경및실권과관련된문제,
3,개인회생절차개시결정후변제계획인가결정까지,4,변제계획인부결정및그효력,2,변제계획인가의효력,5,변제계획인가의효력이미치는주관적범위,
3,개인회생절차개시결정후변제계획인가결정까지,4,변제계획인부결정및그효력,2,변제계획인가의효력,6,개인회생재단에속하는재산및소득의귀속주체,
3,개인회생절차개시결정후변제계획인가결정까지,4,변제계획인부결정및그효력,2,변제계획인가의효력,7,"중지중인절차의실효,속행등",
3,개인회생절차개시결정후변제계획인가결정까지,4,변제계획인부결정및그효력,3,변제계획불인가의효력,,,
3,개인회생절차개시결정후변제계획인가결정까지,4,변제계획인부결정및그효력,4,변제계획인부결정에대한불복방법,,,
3,개인회생절차개시결정후변제계획인가결정까지,4,변제계획인부결정및그효력,4,변제계획인부결정에대한불복방법,1,즉시항고권자,
3,개인회생절차개시결정후변제계획인가결정까지,4,변제계획인부결정및그효력,4,변제계획인부결정에대한불복방법,2,즉시항고의절차,
3,개인회생절차개시결정후변제계획인가결정까지,4,변제계획인부결정및그효력,4,변제계획인부결정에대한불복방법,3,즉시항고와변제계획의수행,
3,개인회생절차개시결정후변제계획인가결정까지,4,변제계획인부결정및그효력,4,변제계획인부결정에대한불복방법,4,항고심의결정,
3,개인회생절차개시결정후변제계획인가결정까지,5,변제계획인가전개인회생절차폐지,1,요건,,,
3,개인회생절차개시결정후변제계획인가결정까지,5,변제계획인가전개인회생절차폐지,1,요건,1,개인회생절차의개시결정당시채무자회생법제595조제1호ㆍ제5호에해당한사실이명백히밝혀진때,
3,개인회생절차개시결정후변제계획인가결정까지,5,변제계획인가전개인회생절차폐지,1,요건,2,채무자가제출한변제계획안을인가할수없을때,
3,개인회생절차개시결정후변제계획인가결정까지,5,변제계획인가전개인회생절차폐지,1,요건,3,"채무자가개인회생절차개시신청시첨부하여야할서류(채무자회생법제589조제2항)의어느하나에해당하는서류를제출하지아니하거나,허위로작성하여제출하거나또는법원이정한제출기한을준수하지아니한때",
3,개인회생절차개시결정후변제계획인가결정까지,5,변제계획인가전개인회생절차폐지,1,요건,4,채무자가정당한사유없이채무자회생법제613조제2항의규정에의한출석또는설명을하지아니하거나허위의설명을한때,
3,개인회생절차개시결정후변제계획인가결정까지,5,변제계획인가전개인회생절차폐지,2,절차,,,
3,개인회생절차개시결정후변제계획인가결정까지,5,변제계획인가전개인회생절차폐지,3,효력,,,
3,개인회생절차개시결정후변제계획인가결정까지,5,변제계획인가전개인회생절차폐지,4,개인회생절차폐지에대한불복,,,
4,변제계획인가결정후면책결정까지,1,변제계획수행에대한감독,1,(가)압류적립금을제1회에투입하는변제계획의경우,,,
4,변제계획인가결정후면책결정까지,1,변제계획수행에대한감독,1,(가)압류적립금을제1회에투입하는변제계획의경우,1,(가)압류적립금에대한관리처분권,
4,변제계획인가결정후면책결정까지,1,변제계획수행에대한감독,1,(가)압류적립금을제1회에투입하는변제계획의경우,2,제3채무자가(가)압류적립금을보관하는경우,
4,변제계획인가결정후면책결정까지,1,변제계획수행에대한감독,1,(가)압류적립금을제1회에투입하는변제계획의경우,3,채권배당절차에서배당등을통하는경우,
4,변제계획인가결정후면책결정까지,1,변제계획수행에대한감독,1,(가)압류적립금을제1회에투입하는변제계획의경우,4,(가)압류적립금이있는경우단계별회생위원의조치및유의사항,
4,변제계획인가결정후면책결정까지,1,변제계획수행에대한감독,2,변제계획인가결정후최초변제금의이체,,,
4,변제계획인가결정후면책결정까지,1,변제계획수행에대한감독,2,변제계획인가결정후최초변제금의이체,1,개요,
4,변제계획인가결정후면책결정까지,1,변제계획수행에대한감독,2,변제계획인가결정후최초변제금의이체,2,인가된변제계획과전산에입력된변제계획비교ㆍ확인,
4,변제계획인가결정후면책결정까지,1,변제계획수행에대한감독,2,변제계획인가결정후최초변제금의이체,3,예금주조회및자동이체설정,
4,변제계획인가결정후면책결정까지,1,변제계획수행에대한감독,2,변제계획인가결정후최초변제금의이체,4,최초변제금의이체,
4,변제계획인가결정후면책결정까지,1,변제계획수행에대한감독,2,변제계획인가결정후최초변제금의이체,5,공탁된개인회생채권의처리,
4,변제계획인가결정후면책결정까지,1,변제계획수행에대한감독,2,변제계획인가결정후최초변제금의이체,6,미확정개인회생채권의유보금처리,
4,변제계획인가결정후면책결정까지,1,변제계획수행에대한감독,2,변제계획인가결정후최초변제금의이체,7,변제금의출급,
4,변제계획인가결정후면책결정까지,1,변제계획수행에대한감독,2,변제계획인가결정후최초변제금의이체,8,계좌미신고개인회생채권의관리,
4,변제계획인가결정후면책결정까지,1,변제계획수행에대한감독,2,변제계획인가결정후최초변제금의이체,9,미확정개인회생채권의관리,
4,변제계획인가결정후면책결정까지,2,변제계획인가후변동사항반영및폐지,1,변제계획인가후변동사항반영,,,
4,변제계획인가결정후면책결정까지,2,변제계획인가후변동사항반영및폐지,1,변제계획인가후변동사항반영,1,개요,
4,변제계획인가결정후면책결정까지,2,변제계획인가후변동사항반영및폐지,1,변제계획인가후변동사항반영,2,개인회생채권자목록의수정,
4,변제계획인가결정후면책결정까지,2,변제계획인가후변동사항반영및폐지,1,변제계획인가후변동사항반영,3,변제계획인가결정의경정,
4,변제계획인가결정후면책결정까지,2,변제계획인가후변동사항반영및폐지,1,변제계획인가후변동사항반영,4,채권양도ㆍ양수나대위변제가있는경우,
4,변제계획인가결정후면책결정까지,2,변제계획인가후변동사항반영및폐지,1,변제계획인가후변동사항반영,5,미확정개인회생채권의확정에따른수정보고,
4,변제계획인가결정후면책결정까지,2,변제계획인가후변동사항반영및폐지,1,변제계획인가후변동사항반영,6,채무의소멸에따른수정보고,
4,변제계획인가결정후면책결정까지,2,변제계획인가후변동사항반영및폐지,2,변제계획인가후개인회생절차폐지,,,
4,변제계획인가결정후면책결정까지,2,변제계획인가후변동사항반영및폐지,2,변제계획인가후개인회생절차폐지,1,개요,
4,변제계획인가결정후면책결정까지,2,변제계획인가후변동사항반영및폐지,2,변제계획인가후개인회생절차폐지,2,요건,
4,변제계획인가결정후면책결정까지,2,변제계획인가후변동사항반영및폐지,2,변제계획인가후개인회생절차폐지,3,절차,
4,변제계획인가결정후면책결정까지,2,변제계획인가후변동사항반영및폐지,2,변제계획인가후개인회생절차폐지,4,개인회생절차폐지의효력,
4,변제계획인가결정후면책결정까지,2,변제계획인가후변동사항반영및폐지,2,변제계획인가후개인회생절차폐지,5,개인회생절차폐지에대한불복,
4,변제계획인가결정후면책결정까지,2,변제계획인가후변동사항반영및폐지,2,변제계획인가후개인회생절차폐지,6,폐지와관련된업무처리절차,
4,변제계획인가결정후면책결정까지,3,변제계획인가후변제계획의변경및일시변제,1,변제계획의변경,,,
4,변제계획인가결정후면책결정까지,3,변제계획인가후변제계획의변경및일시변제,1,변제계획의변경,1,개관,
4,변제계획인가결정후면책결정까지,3,변제계획인가후변제계획의변경및일시변제,1,변제계획의변경,2,변제계획변경안제출권자,
4,변제계획인가결정후면책결정까지,3,변제계획인가후변제계획의변경및일시변제,1,변제계획의변경,3,변제계획변경절차,
4,변제계획인가결정후면책결정까지,3,변제계획인가후변제계획의변경및일시변제,1,변제계획의변경,4,인가후변제계획변경이문제되는경우,
4,변제계획인가결정후면책결정까지,3,변제계획인가후변제계획의변경및일시변제,2,일시변제,,,
4,변제계획인가결정후면책결정까지,3,변제계획인가후변제계획의변경및일시변제,2,일시변제,1,개요,
4,변제계획인가결정후면책결정까지,3,변제계획인가후변제계획의변경및일시변제,2,일시변제,2,법적성질,
4,변제계획인가결정후면책결정까지,3,변제계획인가후변제계획의변경및일시변제,2,일시변제,3,일시변제허용사유판단,
4,변제계획인가결정후면책결정까지,3,변제계획인가후변제계획의변경및일시변제,2,일시변제,4,일시변제에관한업무처리,
4,변제계획인가결정후면책결정까지,3,변제계획인가후변제계획의변경및일시변제,2,일시변제,5,퇴직금에의한일시변제허용여부,
4,변제계획인가결정후면책결정까지,4,면책,1,개인회생채권의면책,,,
4,변제계획인가결정후면책결정까지,4,면책,2,면책의요건과절차,,,
4,변제계획인가결정후면책결정까지,4,면책,2,면책의요건과절차,1,채무자가변제계획에따른변제를완료한경우,
4,변제계획인가결정후면책결정까지,4,면책,2,면책의요건과절차,2,채무자가변제계획에따른변제를완료하지못한경우,
4,변제계획인가결정후면책결정까지,4,면책,2,면책의요건과절차,3,채무자회생법부칙(2017.12.12.)제2조제1항에의한면책,
4,변제계획인가결정후면책결정까지,4,면책,3,면책불허가사유,,,
4,변제계획인가결정후면책결정까지,4,면책,4,면책의효력,,,
4,변제계획인가결정후면책결정까지,4,면책,4,면책의효력,1,면책의의미,
4,변제계획인가결정후면책결정까지,4,면책,4,면책의효력,2,면책의효력범위,
4,변제계획인가결정후면책결정까지,4,면책,4,면책의효력,3,면책여부결정의효력발생시기및불복방법,
4,변제계획인가결정후면책결정까지,4,면책,4,면책의효력,4,면책제외채권,
4,변제계획인가결정후면책결정까지,4,면책,5,면책의취소,,,
4,변제계획인가결정후면책결정까지,4,면책,5,면책의취소,1,면책취소의사유,
4,변제계획인가결정후면책결정까지,4,면책,5,면책의취소,2,면책취소의절차,
4,변제계획인가결정후면책결정까지,4,면책,6,면책후절차및기타문제되는경우,,,
4,변제계획인가결정후면책결정까지,4,면책,6,면책후절차및기타문제되는경우,1,한국신용정보원의장에대한통보,
4,변제계획인가결정후면책결정까지,4,면책,6,면책후절차및기타문제되는경우,2,면책결정후비면책채권을주장할수있는경우,
4,변제계획인가결정후면책결정까지,4,면책,6,면책후절차및기타문제되는경우,3,면책결정이확정된후가압류또는강제집행이들어오는경우,
4,변제계획인가결정후면책결정까지,4,면책,6,면책후절차및기타문제되는경우,4,사기회생죄와사기죄구별,
4,변제계획인가결정후면책결정까지,4,면책,6,면책후절차및기타문제되는경우,5,개인회생채권자목록에보증인이기재되지아니한경우,
